[
 {
   "index": 1,
   "address": "41032510",
   "name": "3-1(1)",
   "line": 1
 },
 {
   "index": 2,
   "address": "40D998A2",
   "name": "3-1(2)",
   "line": 1
 },
 {
   "index": 3,
   "address": "40E86FAC",
   "name": "3-1(3)",
   "line": 1
 },
 {
   "index": 4,
   "address": "40FB00D6",
   "name": "3-1(4)",
   "line": 1
 },
 {
   "index": 5,
   "address": "41034EC7",
   "name": "3-1(5)",
   "line": 1
 },
 {
   "index": 6,
   "address": "40E98742",
   "name": "3-1(6)",
   "line": 1
 },
 {
   "index": 7,
   "address": "41034EF2",
   "name": "3-1(7)",
   "line": 1
 },
 {
   "index": 8,
   "address": "41034EBF",
   "name": "3-1(8)",
   "line": 1
 },
 {
   "index": 9,
   "address": "41034DFC",
   "name": "3-1(9)",
   "line": 1
 },
 {
   "index": 10,
   "address": "41242EE4",
   "name": "3-1(10)",
   "line": 1
 },
 {
   "index": 11,
   "address": "40E34648",
   "name": "3-1(11)",
   "line": 1
 },
 {
   "index": 12,
   "address": "40E34CC3",
   "name": "3-1(12)",
   "line": 1
 },
 {
   "index": 13,
   "address": "40F77E5C",
   "name": "3-1(13)",
   "line": 1
 },
 {
   "index": 14,
   "address": "40E2BB8FD",
   "name": "3-1(14)",
   "line": 1
 },
 {
   "index": 15,
   "address": "41034A44",
   "name": "3-2(1)",
   "line": 2
 },
 {
   "index": 16,
   "address": "4124FFEB",
   "name": "3-2(2)",
   "line": 3
 },
 {
   "index": 17,
   "address": "4124FFD4",
   "name": "3-2(3)",
   "line": 2
 },
 {
   "index": 18,
   "address": "40FCD146",
   "name": "3-2(4)",
   "line": 2
 },
 {
   "index": 19,
   "address": "40FCD0D5",
   "name": "3-2(5)",
   "line": 2
 },
 {
   "index": 20,
   "address": "40D998D0",
   "name": "3-2(6)",
   "line": 2
 },
 {
   "index": 21,
   "address": "40DDFF38",
   "name": "3-2(7)",
   "line": 2
 },
 {
   "index": 22,
   "address": "40F4DCF5",
   "name": "3-2(8)",
   "line": 2
 },
 {
   "index": 23,
   "address": "40F4DCF7",
   "name": "3-2(10)",
   "line": 2
 },
 {
   "index": 24,
   "address": "4102273A",
   "name": "3-2(11)",
   "line": 2
 },
 {
   "index": 25,
   "address": "40FCD0D6",
   "name": "3-2(12)55",
   "line": 2
 },
 {
   "index": 26,
   "address": "40F47BD2",
   "name": "3-2(13)",
   "line": 2
 },
 {
   "index": 27,
   "address": "40F3C06C",
   "name": "3-2(9)",
   "line": 2
 },
 {
   "index": 28,
   "address": "40EA52EE",
   "name": "3-2(14)",
   "line": 2
 },
 {
   "index": 29,
   "address": "40DB4A9C",
   "name": "3-3(1)",
   "line": 3
 },
 {
   "index": 30,
   "address": "40D998DA",
   "name": "3-3(2)",
   "line": 3
 },
 {
   "index": 31,
   "address": "410346DF",
   "name": "3-3(3)",
   "line": 3
 },
 {
   "index": 32,
   "address": "40EA5381",
   "name": "3-3(4)",
   "line": 3
 },
 {
   "index": 33,
   "address": "40FCD052",
   "name": "3-3(5)",
   "line": 3
 },
 {
   "index": 34,
   "address": "41242CC0",
   "name": "3-3(6)",
   "line": 3
 },
 {
   "index": 35,
   "address": "40EA52AF",
   "name": "3-3(7)",
   "line": 3
 },
 {
   "index": 36,
   "address": "40EA52E5",
   "name": "3-3(8)",
   "line": 3
 },
 {
   "index": 37,
   "address": "40F4A9CC",
   "name": "3-3(9)",
   "line": 3
 },
 {
   "index": 38,
   "address": "41034F07",
   "name": "3-3(10)",
   "line": 3
 },
 {
   "index": 39,
   "address": "41242EE3",
   "name": "3-3(11)",
   "line": 3
 },
 {
   "index": 40,
   "address": "40FCD0DE",
   "name": "3-3(12)",
   "line": 3
 }
]