[
 {
   "index": 1,
   "Name": "Stop+Pin Down",
   "PX": 0,
   "PY": 0,
   "side": 0
 },
 {
   "index": 2,
   "Name": "Stop+Pin Up",
   "PX": 0,
   "PY": 0,
   "side": 0
 },
 {
   "index": 3,
   "Name": "Stop+Pin Down",
   "PX": 0,
   "PY": 0,
   "side": 0
 },
 {
   "index": 4,
   "Name": "Stop+Pin UP",
   "PX": 0,
   "PY": 0,
   "side": 0
 },
 {
   "index": 5,
   "Name": "Speed50%",
   "PX": 0,
   "PY": 0,
   "side": 0
 },
 {
   "index": 6,
   "Name": "Speed80%",
   "PX": 0,
   "PY": 0,
   "side": 0
 },
 {
   "index": 7,
   "Name": "Speed100%",
   "PX": 0,
   "PY": 0,
   "side": 0
 },
 {
   "index": 8,
   "Name": "Speed10%",
   "PX": 0,
   "PY": 0,
   "side": 0
 },
 {
   "index": 9,
   "Name": "'-",
   "PX": 0,
   "PY": 0,
   "side": 0
 },
 {
   "index": 10,
   "Name": "Xbee send Cmd & Continue",
   "PX": 0,
   "PY": 0,
   "side": 0
 },
 {
   "index": 11,
   "Name": "Stop Wait No.10 Clearance",
   "PX": 0,
   "PY": 0,
   "side": 0
 },
 {
   "index": 12,
   "Name": "Xbee send Cmd & Continue",
   "PX": 0,
   "PY": 0,
   "side": 0
 },
 {
   "index": 13,
   "Name": "Stop Wait No.12 Clearance",
   "PX": 0,
   "PY": 0,
   "side": 0
 },
 {
   "index": 14,
   "Name": "Xbee send Cmd & Continue",
   "PX": 0,
   "PY": 0,
   "side": 0
 },
 {
   "index": 15,
   "Name": "Stop Wait No.15 Clearance",
   "PX": 0,
   "PY": 0,
   "side": 0
 },
 {
   "index": 16,
   "Name": "Xbee send Cmd & Continue",
   "PX": 0,
   "PY": 0,
   "side": 0
 },
 {
   "index": 17,
   "Name": "Stop Wait No.16 Clearance",
   "PX": 0,
   "PY": 0,
   "side": 0
 },
 {
   "index": 18,
   "Name": "Xbee send Cmd & Continue",
   "PX": 0,
   "PY": 0,
   "side": 0
 },
 {
   "index": 19,
   "Name": "Stop Wait No.18 Clearance",
   "PX": 0,
   "PY": 0,
   "side": 0
 },
 {
   "index": 20,
   "Name": "Xbee send Cmd & Continue",
   "PX": 0,
   "PY": 0,
   "side": 0
 },
 {
   "index": 21,
   "Name": "Stop Wait No,20 Clearance",
   "PX": 0,
   "PY": 0,
   "side": 0
 },
 {
   "index": 22,
   "Name": "Xbee send Cmd & Continue",
   "PX": 0,
   "PY": 0,
   "side": 0
 },
 {
   "index": 23,
   "Name": "Stop Wait No.22 Clearance",
   "PX": 0,
   "PY": 0,
   "side": 0
 },
 {
   "index": 24,
   "Name": "Xbee send Cmd & Continue",
   "PX": 0,
   "PY": 0,
   "side": 0
 },
 {
   "index": 25,
   "Name": "Stop Wait No.24 Clearance",
   "PX": 0,
   "PY": 0,
   "side": 0
 },
 {
   "index": 26,
   "Name": "Xbee send Cmd & Continue",
   "PX": 0,
   "PY": 0,
   "side": 0
 },
 {
   "index": 27,
   "Name": "Stop Wait No26 Clearance",
   "PX": 0,
   "PY": 0,
   "side": 0
 },
 {
   "index": 28,
   "Name": "Xbee send Cmd & Continue",
   "PX": 0,
   "PY": 0,
   "side": 0
 },
 {
   "index": 29,
   "Name": "Stop Wait No.28 Clearance",
   "PX": 0,
   "PY": 0,
   "side": 0
 },
 {
   "index": 30,
   "Name": "Stop 5 Sec",
   "PX": 0,
   "PY": 0,
   "side": 0
 },
 {
   "index": 31,
   "Name": "Stop 5 Min",
   "PX": 0,
   "PY": 0,
   "side": 0
 },
 {
   "index": 32,
   "Name": "Stop 10 Min",
   "PX": 0,
   "PY": 0,
   "side": 0
 },
 {
   "index": 33,
   "Name": "'-",
   "PX": 0,
   "PY": 0,
   "side": 0
 },
 {
   "index": 34,
   "Name": "'-",
   "PX": 0,
   "PY": 0,
   "side": 0
 },
 {
   "index": 35,
   "Name": "'-",
   "PX": 0,
   "PY": 0,
   "side": 0
 },
 {
   "index": 36,
   "Name": "'-",
   "PX": 0,
   "PY": 0,
   "side": 0
 },
 {
   "index": 37,
   "Name": "'-",
   "PX": 0,
   "PY": 0,
   "side": 0
 },
 {
   "index": 38,
   "Name": "'-",
   "PX": 0,
   "PY": 0,
   "side": 0
 },
 {
   "index": 39,
   "Name": "'-",
   "PX": 0,
   "PY": 0,
   "side": 0
 },
 {
   "index": 40,
   "Name": "'-",
   "PX": 0,
   "PY": 0,
   "side": 0
 },
 {
   "index": 41,
   "Name": "'-",
   "PX": 0,
   "PY": 0,
   "side": 0
 },
 {
   "index": 42,
   "Name": "'-",
   "PX": 0,
   "PY": 0,
   "side": 0
 },
 {
   "index": 43,
   "Name": "'-",
   "PX": 0,
   "PY": 0,
   "side": 0
 },
 {
   "index": 44,
   "Name": "'-",
   "PX": 0,
   "PY": 0,
   "side": 0
 },
 {
   "index": 45,
   "Name": "'-",
   "PX": 0,
   "PY": 0,
   "side": 0
 },
 {
   "index": 46,
   "Name": "'-",
   "PX": 0,
   "PY": 0,
   "side": 0
 },
 {
   "index": 47,
   "Name": "'-",
   "PX": 0,
   "PY": 0,
   "side": 0
 },
 {
   "index": 48,
   "Name": "'-",
   "PX": 0,
   "PY": 0,
   "side": 0
 },
 {
   "index": 49,
   "Name": "'-",
   "PX": 0,
   "PY": 0,
   "side": 0
 },
 {
   "index": 50,
   "Name": "Route1 Keep Left",
   "PX": 0,
   "PY": 0,
   "side": 0
 },
 {
   "index": 51,
   "Name": "Route1 Keep Right",
   "PX": 0,
   "PY": 0,
   "side": 0
 },
 {
   "index": 52,
   "Name": "Route1 Keep Left",
   "PX": 0,
   "PY": 0,
   "side": 0
 },
 {
   "index": 53,
   "Name": "Route1 Keep Right",
   "PX": 0,
   "PY": 0,
   "side": 0
 },
 {
   "index": 54,
   "Name": "Route1 Keep Left",
   "PX": 0,
   "PY": 0,
   "side": 0
 },
 {
   "index": 55,
   "Name": "Route1 Keep Right",
   "PX": 0,
   "PY": 0,
   "side": 0
 },
 {
   "index": 56,
   "Name": "Route1 Keep Left",
   "PX": 0,
   "PY": 0,
   "side": 0
 },
 {
   "index": 57,
   "Name": "Route1 Keep Right",
   "PX": 0,
   "PY": 0,
   "side": 0
 },
 {
   "index": 58,
   "Name": "Route1 Keep Left",
   "PX": 0,
   "PY": 0,
   "side": 0
 },
 {
   "index": 59,
   "Name": "Route1 Keep Right",
   "PX": 0,
   "PY": 0,
   "side": 0
 },
 {
   "index": 60,
   "Name": "Route2 Keep Left",
   "PX": 0,
   "PY": 0,
   "side": 0
 },
 {
   "index": 61,
   "Name": "Route2 Keep Right",
   "PX": 0,
   "PY": 0,
   "side": 0
 },
 {
   "index": 62,
   "Name": "Route2 Keep Left",
   "PX": 0,
   "PY": 0,
   "side": 0
 },
 {
   "index": 63,
   "Name": "Route1 Keep Right",
   "PX": 0,
   "PY": 0,
   "side": 0
 },
 {
   "index": 64,
   "Name": "Route2 Keep Left",
   "PX": 0,
   "PY": 0,
   "side": 0
 },
 {
   "index": 65,
   "Name": "Route1 Keep Right",
   "PX": 0,
   "PY": 0,
   "side": 0
 },
 {
   "index": 66,
   "Name": "Route2 Keep Left",
   "PX": 0,
   "PY": 0,
   "side": 0
 },
 {
   "index": 67,
   "Name": "Route1 Keep Right",
   "PX": 0,
   "PY": 0,
   "side": 0
 },
 {
   "index": 68,
   "Name": "Route2 Keep Left",
   "PX": 0,
   "PY": 0,
   "side": 0
 },
 {
   "index": 69,
   "Name": "Route1 Keep Right",
   "PX": 0,
   "PY": 0,
   "side": 0
 },
 {
   "index": 70,
   "Name": "Route3 Keep Left",
   "PX": 0,
   "PY": 0,
   "side": 0
 },
 {
   "index": 71,
   "Name": "Route3 Keep Right",
   "PX": 0,
   "PY": 0,
   "side": 0
 },
 {
   "index": 72,
   "Name": "Route3 Keep Left",
   "PX": 0,
   "PY": 0,
   "side": 0
 },
 {
   "index": 73,
   "Name": "Route3 Keep Right",
   "PX": 0,
   "PY": 0,
   "side": 0
 },
 {
   "index": 74,
   "Name": "Route3 Keep Left",
   "PX": 0,
   "PY": 0,
   "side": 0
 },
 {
   "index": 75,
   "Name": "Route3 Keep Right",
   "PX": 0,
   "PY": 0,
   "side": 0
 },
 {
   "index": 76,
   "Name": "Route3 Keep Left",
   "PX": 0,
   "PY": 0,
   "side": 0
 },
 {
   "index": 77,
   "Name": "Route3 Keep Right",
   "PX": 0,
   "PY": 0,
   "side": 0
 },
 {
   "index": 78,
   "Name": "Route3 Keep Left",
   "PX": 0,
   "PY": 0,
   "side": 0
 },
 {
   "index": 79,
   "Name": "Route3 Keep Right",
   "PX": 0,
   "PY": 0,
   "side": 0
 },
 {
   "index": 80,
   "Name": "Route4 Keep Left",
   "PX": 0,
   "PY": 0,
   "side": 0
 },
 {
   "index": 81,
   "Name": "Route4 Keep Right",
   "PX": 0,
   "PY": 0,
   "side": 0
 },
 {
   "index": 82,
   "Name": "Route4 Keep Left",
   "PX": 0,
   "PY": 0,
   "side": 0
 },
 {
   "index": 83,
   "Name": "Route4 Keep Right",
   "PX": 0,
   "PY": 0,
   "side": 0
 },
 {
   "index": 84,
   "Name": "Route4 Keep Left",
   "PX": 0,
   "PY": 0,
   "side": 0
 },
 {
   "index": 85,
   "Name": "Route4 Keep Right",
   "PX": 0,
   "PY": 0,
   "side": 0
 },
 {
   "index": 86,
   "Name": "Route4 Keep Left",
   "PX": 0,
   "PY": 0,
   "side": 0
 },
 {
   "index": 87,
   "Name": "Route4 Keep Right",
   "PX": 0,
   "PY": 0,
   "side": 0
 },
 {
   "index": 88,
   "Name": "Route4 Keep Left",
   "PX": 0,
   "PY": 0,
   "side": 0
 },
 {
   "index": 89,
   "Name": "Route4 Keep Right",
   "PX": 0,
   "PY": 0,
   "side": 0
 },
 {
   "index": 90,
   "Name": "Route5 Keep Left",
   "PX": 0,
   "PY": 0,
   "side": 0
 },
 {
   "index": 91,
   "Name": "Route5 Keep Right",
   "PX": 0,
   "PY": 0,
   "side": 0
 },
 {
   "index": 92,
   "Name": "Route5 Keep Left",
   "PX": 0,
   "PY": 0,
   "side": 0
 },
 {
   "index": 93,
   "Name": "Route5 Keep Right",
   "PX": 0,
   "PY": 0,
   "side": 0
 },
 {
   "index": 94,
   "Name": "Route5 Keep Left",
   "PX": 0,
   "PY": 0,
   "side": 0
 },
 {
   "index": 95,
   "Name": "Route5 Keep Right",
   "PX": 0,
   "PY": 0,
   "side": 0
 },
 {
   "index": 96,
   "Name": "Route5 Keep Left",
   "PX": 0,
   "PY": 0,
   "side": 0
 },
 {
   "index": 97,
   "Name": "Route5 Keep Right",
   "PX": 0,
   "PY": 0,
   "side": 0
 },
 {
   "index": 98,
   "Name": "Route5 Keep Left",
   "PX": 0,
   "PY": 0,
   "side": 0
 },
 {
   "index": 99,
   "Name": "Route5 Keep Right",
   "PX": 0,
   "PY": 0,
   "side": 0
 },
 {
   "index": 100,
   "Name": "Route6 Keep Left",
   "PX": 0,
   "PY": 0,
   "side": 0
 },
 {
   "index": 101,
   "Name": "Route6 Keep Right",
   "PX": 0,
   "PY": 0,
   "side": 0
 },
 {
   "index": 102,
   "Name": "Route6 Keep Left",
   "PX": 0,
   "PY": 0,
   "side": 0
 },
 {
   "index": 103,
   "Name": "Route6 Keep Right",
   "PX": 0,
   "PY": 0,
   "side": 0
 },
 {
   "index": 104,
   "Name": "Route6 Keep Left",
   "PX": 0,
   "PY": 0,
   "side": 0
 },
 {
   "index": 105,
   "Name": "Route6 Keep Right",
   "PX": 0,
   "PY": 0,
   "side": 0
 },
 {
   "index": 106,
   "Name": "Route6 Keep Left",
   "PX": 0,
   "PY": 0,
   "side": 0
 },
 {
   "index": 107,
   "Name": "Route6 Keep Right",
   "PX": 0,
   "PY": 0,
   "side": 0
 },
 {
   "index": 108,
   "Name": "Route6 Keep Left",
   "PX": 0,
   "PY": 0,
   "side": 0
 },
 {
   "index": 109,
   "Name": "Route6 Keep Right",
   "PX": 0,
   "PY": 0,
   "side": 0
 },
 {
   "index": 110,
   "Name": "Route7 Keep Left",
   "PX": 0,
   "PY": 0,
   "side": 0
 },
 {
   "index": 111,
   "Name": "Route7Keep Right",
   "PX": 0,
   "PY": 0,
   "side": 0
 },
 {
   "index": 112,
   "Name": "Route7 Keep Left",
   "PX": 0,
   "PY": 0,
   "side": 0
 },
 {
   "index": 113,
   "Name": "Route7Keep Right",
   "PX": 0,
   "PY": 0,
   "side": 0
 },
 {
   "index": 114,
   "Name": "Route7 Keep Left",
   "PX": 0,
   "PY": 0,
   "side": 0
 },
 {
   "index": 115,
   "Name": "Route7Keep Right",
   "PX": 0,
   "PY": 0,
   "side": 0
 },
 {
   "index": 116,
   "Name": "Route7 Keep Left",
   "PX": 0,
   "PY": 0,
   "side": 0
 },
 {
   "index": 117,
   "Name": "Route7Keep Right",
   "PX": 0,
   "PY": 0,
   "side": 0
 },
 {
   "index": 118,
   "Name": "Route7 Keep Left",
   "PX": 0,
   "PY": 0,
   "side": 0
 },
 {
   "index": 119,
   "Name": "Route7Keep Right",
   "PX": 0,
   "PY": 0,
   "side": 0
 },
 {
   "index": 120,
   "Name": "Route8Keep Left",
   "PX": 0,
   "PY": 0,
   "side": 0
 },
 {
   "index": 121,
   "Name": "Route8Keep Right",
   "PX": 0,
   "PY": 0,
   "side": 0
 },
 {
   "index": 122,
   "Name": "Route8 Keep Left",
   "PX": 0,
   "PY": 0,
   "side": 0
 },
 {
   "index": 123,
   "Name": "Route8Keep Right",
   "PX": 0,
   "PY": 0,
   "side": 0
 },
 {
   "index": 124,
   "Name": "Route8 Keep Left",
   "PX": 0,
   "PY": 0,
   "side": 0
 },
 {
   "index": 125,
   "Name": "Route8Keep Right",
   "PX": 0,
   "PY": 0,
   "side": 0
 },
 {
   "index": 126,
   "Name": "Route8 Keep Left",
   "PX": 0,
   "PY": 0,
   "side": 0
 },
 {
   "index": 127,
   "Name": "Route8Keep Right",
   "PX": 0,
   "PY": 0,
   "side": 0
 },
 {
   "index": 128,
   "Name": "Route8 Keep Left",
   "PX": 0,
   "PY": 0,
   "side": 0
 },
 {
   "index": 129,
   "Name": "Route8Keep Right",
   "PX": 0,
   "PY": 0,
   "side": 0
 },
 {
   "index": 130,
   "Name": "Route9 Keep Left",
   "PX": 0,
   "PY": 0,
   "side": 0
 },
 {
   "index": 131,
   "Name": "Route9Keep Right",
   "PX": 0,
   "PY": 0,
   "side": 0
 },
 {
   "index": 132,
   "Name": "Route9 Keep Left",
   "PX": 0,
   "PY": 0,
   "side": 0
 },
 {
   "index": 133,
   "Name": "Route9Keep Right",
   "PX": 0,
   "PY": 0,
   "side": 0
 },
 {
   "index": 134,
   "Name": "Route9 Keep Left",
   "PX": 0,
   "PY": 0,
   "side": 0
 },
 {
   "index": 135,
   "Name": "Route9Keep Right",
   "PX": 0,
   "PY": 0,
   "side": 0
 },
 {
   "index": 136,
   "Name": "Route9 Keep Left",
   "PX": 0,
   "PY": 0,
   "side": 0
 },
 {
   "index": 137,
   "Name": "Route9Keep Right",
   "PX": 0,
   "PY": 0,
   "side": 0
 },
 {
   "index": 138,
   "Name": "Route9 Keep Left",
   "PX": 0,
   "PY": 0,
   "side": 0
 },
 {
   "index": 139,
   "Name": "Route9Keep Right",
   "PX": 0,
   "PY": 0,
   "side": 0
 },
 {
   "index": 140,
   "Name": "Route10 Keep Left",
   "PX": 0,
   "PY": 0,
   "side": 0
 },
 {
   "index": 141,
   "Name": "Route10Keep Right",
   "PX": 0,
   "PY": 0,
   "side": 0
 },
 {
   "index": 142,
   "Name": "Route10 Keep Left",
   "PX": 0,
   "PY": 0,
   "side": 0
 },
 {
   "index": 143,
   "Name": "Route10Keep Right",
   "PX": 0,
   "PY": 0,
   "side": 0
 },
 {
   "index": 144,
   "Name": "Route10 Keep Left",
   "PX": 0,
   "PY": 0,
   "side": 0
 },
 {
   "index": 145,
   "Name": "Route10Keep Right",
   "PX": 0,
   "PY": 0,
   "side": 0
 },
 {
   "index": 146,
   "Name": "Route10 Keep Left",
   "PX": 0,
   "PY": 0,
   "side": 0
 },
 {
   "index": 147,
   "Name": "Route10Keep Right",
   "PX": 0,
   "PY": 0,
   "side": 0
 },
 {
   "index": 148,
   "Name": "Route10 Keep Left",
   "PX": 0,
   "PY": 0,
   "side": 0
 },
 {
   "index": 149,
   "Name": "Route10Keep Right",
   "PX": 0,
   "PY": 0,
   "side": 0
 },
 {
   "index": 150,
   "Name": "Route10 Keep Left",
   "PX": 0,
   "PY": 0,
   "side": 0
 },
 {
   "index": 151,
   "Name": "Route11Keep Right",
   "PX": 0,
   "PY": 0,
   "side": 0
 },
 {
   "index": 152,
   "Name": "Route11 Keep Left",
   "PX": 0,
   "PY": 0,
   "side": 0
 },
 {
   "index": 153,
   "Name": "Route11Keep Right",
   "PX": 0,
   "PY": 0,
   "side": 0
 },
 {
   "index": 154,
   "Name": "Route11 Keep Left",
   "PX": 0,
   "PY": 0,
   "side": 0
 },
 {
   "index": 155,
   "Name": "Route11Keep Right",
   "PX": 0,
   "PY": 0,
   "side": 0
 },
 {
   "index": 156,
   "Name": "Route11 Keep Left",
   "PX": 0,
   "PY": 0,
   "side": 0
 },
 {
   "index": 157,
   "Name": "Route11Keep Right",
   "PX": 0,
   "PY": 0,
   "side": 0
 },
 {
   "index": 158,
   "Name": "Route11 Keep Left",
   "PX": 0,
   "PY": 0,
   "side": 0
 },
 {
   "index": 159,
   "Name": "Route11Keep Right",
   "PX": 0,
   "PY": 0,
   "side": 0
 },
 {
   "index": 160,
   "Name": "Route12 Keep Left",
   "PX": 0,
   "PY": 0,
   "side": 0
 },
 {
   "index": 161,
   "Name": "Route12Keep Right",
   "PX": 0,
   "PY": 0,
   "side": 0
 },
 {
   "index": 162,
   "Name": "Route12 Keep Left",
   "PX": 0,
   "PY": 0,
   "side": 0
 },
 {
   "index": 163,
   "Name": "Route12Keep Right",
   "PX": 0,
   "PY": 0,
   "side": 0
 },
 {
   "index": 164,
   "Name": "Route12 Keep Left",
   "PX": 0,
   "PY": 0,
   "side": 0
 },
 {
   "index": 165,
   "Name": "Route12Keep Right",
   "PX": 0,
   "PY": 0,
   "side": 0
 },
 {
   "index": 166,
   "Name": "Route12 Keep Left",
   "PX": 0,
   "PY": 0,
   "side": 0
 },
 {
   "index": 167,
   "Name": "Route12Keep Right",
   "PX": 0,
   "PY": 0,
   "side": 0
 },
 {
   "index": 168,
   "Name": "Route12 Keep Left",
   "PX": 0,
   "PY": 0,
   "side": 0
 },
 {
   "index": 169,
   "Name": "Route12Keep Right",
   "PX": 0,
   "PY": 0,
   "side": 0
 },
 {
   "index": 170,
   "Name": "Route13 Keep Left",
   "PX": 0,
   "PY": 0,
   "side": 0
 },
 {
   "index": 171,
   "Name": "Route13Keep Right",
   "PX": 0,
   "PY": 0,
   "side": 0
 },
 {
   "index": 172,
   "Name": "Route13 Keep Left",
   "PX": 0,
   "PY": 0,
   "side": 0
 },
 {
   "index": 173,
   "Name": "Route13Keep Right",
   "PX": 0,
   "PY": 0,
   "side": 0
 },
 {
   "index": 174,
   "Name": "Route13 Keep Left",
   "PX": 0,
   "PY": 0,
   "side": 0
 },
 {
   "index": 175,
   "Name": "Route13Keep Right",
   "PX": 0,
   "PY": 0,
   "side": 0
 },
 {
   "index": 176,
   "Name": "Route13 Keep Left",
   "PX": 0,
   "PY": 0,
   "side": 0
 },
 {
   "index": 177,
   "Name": "Route13Keep Right",
   "PX": 0,
   "PY": 0,
   "side": 0
 },
 {
   "index": 178,
   "Name": "Route13 Keep Left",
   "PX": 0,
   "PY": 0,
   "side": 0
 },
 {
   "index": 179,
   "Name": "Route13Keep Right",
   "PX": 0,
   "PY": 0,
   "side": 0
 },
 {
   "index": 180,
   "Name": "Route14 Keep Left",
   "PX": 0,
   "PY": 0,
   "side": 0
 },
 {
   "index": 181,
   "Name": "Route14Keep Right",
   "PX": 0,
   "PY": 0,
   "side": 0
 },
 {
   "index": 182,
   "Name": "Route14 Keep Left",
   "PX": 0,
   "PY": 0,
   "side": 0
 },
 {
   "index": 183,
   "Name": "Route14Keep Right",
   "PX": 0,
   "PY": 0,
   "side": 0
 },
 {
   "index": 184,
   "Name": "Route14 Keep Left",
   "PX": 0,
   "PY": 0,
   "side": 0
 },
 {
   "index": 185,
   "Name": "Route14Keep Right",
   "PX": 0,
   "PY": 0,
   "side": 0
 },
 {
   "index": 186,
   "Name": "Route14 Keep Left",
   "PX": 0,
   "PY": 0,
   "side": 0
 },
 {
   "index": 187,
   "Name": "Route14Keep Right",
   "PX": 0,
   "PY": 0,
   "side": 0
 },
 {
   "index": 188,
   "Name": "Route14 Keep Left",
   "PX": 0,
   "PY": 0,
   "side": 0
 },
 {
   "index": 189,
   "Name": "Route14Keep Right",
   "PX": 0,
   "PY": 0,
   "side": 0
 },
 {
   "index": 190,
   "Name": "Route15 Keep Left",
   "PX": 0,
   "PY": 0,
   "side": 0
 },
 {
   "index": 191,
   "Name": "Route15Keep Right",
   "PX": 0,
   "PY": 0,
   "side": 0
 },
 {
   "index": 192,
   "Name": "Route15 Keep Left",
   "PX": 0,
   "PY": 0,
   "side": 0
 },
 {
   "index": 193,
   "Name": "Route15Keep Right",
   "PX": 0,
   "PY": 0,
   "side": 0
 },
 {
   "index": 194,
   "Name": "Route15 Keep Left",
   "PX": 0,
   "PY": 0,
   "side": 0
 },
 {
   "index": 195,
   "Name": "Route15Keep Right",
   "PX": 0,
   "PY": 0,
   "side": 0
 },
 {
   "index": 196,
   "Name": "Route15 Keep Left",
   "PX": 0,
   "PY": 0,
   "side": 0
 },
 {
   "index": 197,
   "Name": "Route15Keep Right",
   "PX": 0,
   "PY": 0,
   "side": 0
 },
 {
   "index": 198,
   "Name": "Route15 Keep Left",
   "PX": 0,
   "PY": 0,
   "side": 0
 },
 {
   "index": 199,
   "Name": "Route15Keep Right",
   "PX": 0,
   "PY": 0,
   "side": 0
 },
 {
   "index": 200,
   "Name": "Keep Right",
   "PX": 0,
   "PY": 0,
   "side": 0
 },
 {
   "index": 201,
   "Name": "-",
   "PX": 0,
   "PY": 0,
   "side": 0
 },
 {
   "index": 202,
   "Name": "-",
   "PX": 0,
   "PY": 0,
   "side": 0
 },
 {
   "index": 203,
   "Name": "-",
   "PX": 0,
   "PY": 0,
   "side": 0
 },
 {
   "index": 204,
   "Name": "-",
   "PX": 0,
   "PY": 0,
   "side": 0
 },
 {
   "index": 205,
   "Name": "Keep Lift",
   "PX": 0,
   "PY": 0,
   "side": 0
 },
 {
   "index": 206,
   "Name": "-",
   "PX": 0,
   "PY": 0,
   "side": 0
 },
 {
   "index": 207,
   "Name": "-",
   "PX": 0,
   "PY": 0,
   "side": 0
 },
 {
   "index": 208,
   "Name": "Stop&Auto Start",
   "PX": 0,
   "PY": 0,
   "side": 0
 },
 {
   "index": 209,
   "Name": "'-",
   "PX": 0,
   "PY": 0,
   "side": 0
 },
 {
   "index": 210,
   "Name": "'-",
   "PX": 0,
   "PY": 0,
   "side": 0
 },
 {
   "index": 211,
   "Name": "'-",
   "PX": 0,
   "PY": 0,
   "side": 0
 },
 {
   "index": 212,
   "Name": "'-",
   "PX": 0,
   "PY": 0,
   "side": 0
 },
 {
   "index": 213,
   "Name": "'-",
   "PX": 0,
   "PY": 0,
   "side": 0
 },
 {
   "index": 214,
   "Name": "'-",
   "PX": 0,
   "PY": 0,
   "side": 0
 },
 {
   "index": 215,
   "Name": "'-",
   "PX": 0,
   "PY": 0,
   "side": 0
 },
 {
   "index": 216,
   "Name": "'-",
   "PX": 0,
   "PY": 0,
   "side": 0
 },
 {
   "index": 217,
   "Name": "'-",
   "PX": 0,
   "PY": 0,
   "side": 0
 },
 {
   "index": 218,
   "Name": "'-",
   "PX": 0,
   "PY": 0,
   "side": 0
 },
 {
   "index": 219,
   "Name": "'-",
   "PX": 0,
   "PY": 0,
   "side": 0
 },
 {
   "index": 220,
   "Name": "'-",
   "PX": 0,
   "PY": 0,
   "side": 0
 },
 {
   "index": 221,
   "Name": "'-",
   "PX": 0,
   "PY": 0,
   "side": 0
 },
 {
   "index": 222,
   "Name": "'-",
   "PX": 0,
   "PY": 0,
   "side": 0
 },
 {
   "index": 223,
   "Name": "'-",
   "PX": 0,
   "PY": 0,
   "side": 0
 },
 {
   "index": 224,
   "Name": "'-",
   "PX": 0,
   "PY": 0,
   "side": 0
 },
 {
   "index": 225,
   "Name": "'-",
   "PX": 0,
   "PY": 0,
   "side": 0
 },
 {
   "index": 226,
   "Name": "'-",
   "PX": 0,
   "PY": 0,
   "side": 0
 },
 {
   "index": 227,
   "Name": "'-",
   "PX": 0,
   "PY": 0,
   "side": 0
 },
 {
   "index": 228,
   "Name": "'-",
   "PX": 0,
   "PY": 0,
   "side": 0
 },
 {
   "index": 229,
   "Name": "'-",
   "PX": 0,
   "PY": 0,
   "side": 0
 },
 {
   "index": 230,
   "Name": "'-",
   "PX": 0,
   "PY": 0,
   "side": 0
 },
 {
   "index": 231,
   "Name": "'-",
   "PX": 0,
   "PY": 0,
   "side": 0
 },
 {
   "index": 232,
   "Name": "'-",
   "PX": 0,
   "PY": 0,
   "side": 0
 },
 {
   "index": 234,
   "Name": "'-",
   "PX": 0,
   "PY": 0,
   "side": 0
 },
 {
   "index": 235,
   "Name": "'-",
   "PX": 0,
   "PY": 0,
   "side": 0
 },
 {
   "index": 236,
   "Name": "'-",
   "PX": 0,
   "PY": 0,
   "side": 0
 },
 {
   "index": 237,
   "Name": "'-",
   "PX": 0,
   "PY": 0,
   "side": 0
 },
 {
   "index": 238,
   "Name": "'-",
   "PX": 0,
   "PY": 0,
   "side": 0
 },
 {
   "index": 239,
   "Name": "'-",
   "PX": 0,
   "PY": 0,
   "side": 0
 },
 {
   "index": 240,
   "Name": "'-",
   "PX": 0,
   "PY": 0,
   "side": 0
 },
 {
   "index": 241,
   "Name": "'-",
   "PX": 0,
   "PY": 0,
   "side": 0
 },
 {
   "index": 242,
   "Name": "'-",
   "PX": 0,
   "PY": 0,
   "side": 0
 },
 {
   "index": 243,
   "Name": "'-",
   "PX": 0,
   "PY": 0,
   "side": 0
 },
 {
   "index": 244,
   "Name": "'-",
   "PX": 0,
   "PY": 0,
   "side": 0
 },
 {
   "index": 245,
   "Name": "'-",
   "PX": 0,
   "PY": 0,
   "side": 0
 },
 {
   "index": 246,
   "Name": "'-",
   "PX": 0,
   "PY": 0,
   "side": 0
 },
 {
   "index": 247,
   "Name": "'-",
   "PX": 0,
   "PY": 0,
   "side": 0
 },
 {
   "index": 248,
   "Name": "'-",
   "PX": 0,
   "PY": 0,
   "side": 0
 },
 {
   "index": 249,
   "Name": "'-",
   "PX": 0,
   "PY": 0,
   "side": 0
 },
 {
   "index": 250,
   "Name": "'-",
   "PX": 0,
   "PY": 0,
   "side": 0
 },
 {
   "index": 251,
   "Name": "'-",
   "PX": 253,
   "PY": 348,
   "side": 0
 },
 {
   "index": 252,
   "Name": "'-",
   "PX": 419,
   "PY": 154,
   "side": 0
 },
 {
   "index": 253,
   "Name": "'-",
   "PX": 382,
   "PY": 389,
   "side": 0
 },
 {
   "index": 254,
   "Name": "'-",
   "PX": 602,
   "PY": 152,
   "side": 0
 },
 {
   "index": 255,
   "Name": "'-",
   "PX": 805,
   "PY": 155,
   "side": 0
 },
 {
   "index": 256,
   "Name": "'-",
   "PX": 927,
   "PY": 153,
   "side": 0
 },
 {
   "index": 257,
   "Name": "'-",
   "PX": 1058,
   "PY": 158,
   "side": 0
 },
 {
   "index": 258,
   "Name": "'-",
   "PX": 1176,
   "PY": 155,
   "side": 0
 },
 {
   "index": 259,
   "Name": "'-",
   "PX": 1339,
   "PY": 153,
   "side": 0
 },
 {
   "index": 260,
   "Name": "'-",
   "PX": 1483,
   "PY": 148,
   "side": 0
 },
 {
   "index": 261,
   "Name": "'-",
   "PX": 1586,
   "PY": 151,
   "side": 0
 },
 {
   "index": 262,
   "Name": "'-",
   "PX": 1718,
   "PY": 151,
   "side": 0
 },
 {
   "index": 263,
   "Name": "'-",
   "PX": 1814,
   "PY": 149,
   "side": 0
 },
 {
   "index": 264,
   "Name": "'-",
   "PX": 1833,
   "PY": 238,
   "side": 0
 },
 {
   "index": 265,
   "Name": "'-",
   "PX": 1835,
   "PY": 337,
   "side": 0
 },
 {
   "index": 266,
   "Name": "'-",
   "PX": 255,
   "PY": 227,
   "side": 0
 },
 {
   "index": 267,
   "Name": "'-",
   "PX": 1690,
   "PY": 427,
   "side": 0
 },
 {
   "index": 268,
   "Name": "'-",
   "PX": 1593,
   "PY": 421,
   "side": 0
 },
 {
   "index": 269,
   "Name": "'-",
   "PX": 1472,
   "PY": 428,
   "side": 0
 },
 {
   "index": 270,
   "Name": "'-",
   "PX": 1303,
   "PY": 427,
   "side": 0
 },
 {
   "index": 271,
   "Name": "'-",
   "PX": 1137,
   "PY": 424,
   "side": 0
 },
 {
   "index": 272,
   "Name": "'-",
   "PX": 916,
   "PY": 432,
   "side": 0
 },
 {
   "index": 273,
   "Name": "'-",
   "PX": 920,
   "PY": 434,
   "side": 0
 },
 {
   "index": 274,
   "Name": "'-",
   "PX": 795,
   "PY": 432,
   "side": 0
 },
 {
   "index": 275,
   "Name": "'-",
   "PX": 659,
   "PY": 429,
   "side": 0
 },
 {
   "index": 276,
   "Name": "'-",
   "PX": 532,
   "PY": 431,
   "side": 0
 },
 {
   "index": 277,
   "Name": "'-",
   "PX": 403,
   "PY": 429,
   "side": 0
 },
 {
   "index": 278,
   "Name": "'-",
   "PX": 288,
   "PY": 434,
   "side": 0
 },
 {
   "index": 279,
   "Name": "'-",
   "PX": 86,
   "PY": 391,
   "side": 0
 },
 {
   "index": 280,
   "Name": "'-",
   "PX": 82,
   "PY": 276,
   "side": 0
 },
 {
   "index": 281,
   "Name": "'-",
   "PX": 0,
   "PY": 0,
   "side": 0
 },
 {
   "index": 282,
   "Name": "'-",
   "PX": 92,
   "PY": 499,
   "side": 0
 },
 {
   "index": 283,
   "Name": "'-",
   "PX": 146,
   "PY": 398,
   "side": 0
 },
 {
   "index": 284,
   "Name": "'-",
   "PX": 149,
   "PY": 651,
   "side": 0
 },
 {
   "index": 285,
   "Name": "'-",
   "PX": 91,
   "PY": 576,
   "side": 0
 },
 {
   "index": 286,
   "Name": "'-",
   "PX": 90,
   "PY": 478,
   "side": 0
 },
 {
   "index": 287,
   "Name": "'-",
   "PX": 140,
   "PY": 400,
   "side": 0
 },
 {
   "index": 288,
   "Name": "'-",
   "PX": 232,
   "PY": 652,
   "side": 0
 },
 {
   "index": 289,
   "Name": "'-",
   "PX": 0,
   "PY": 0,
   "side": 0
 },
 {
   "index": 290,
   "Name": "'-",
   "PX": 0,
   "PY": 0,
   "side": 0
 },
 {
   "index": 291,
   "Name": "'-",
   "PX": 0,
   "PY": 0,
   "side": 0
 },
 {
   "index": 292,
   "Name": "'-",
   "PX": 0,
   "PY": 0,
   "side": 0
 },
 {
   "index": 293,
   "Name": "'-",
   "PX": 0,
   "PY": 0,
   "side": 0
 },
 {
   "index": 294,
   "Name": "'-",
   "PX": 0,
   "PY": 0,
   "side": 0
 },
 {
   "index": 295,
   "Name": "'-",
   "PX": 0,
   "PY": 0,
   "side": 0
 },
 {
   "index": 296,
   "Name": "'-",
   "PX": 59,
   "PY": 578,
   "side": 0
 },
 {
   "index": 297,
   "Name": "'-",
   "PX": 0,
   "PY": 0,
   "side": 0
 },
 {
   "index": 298,
   "Name": "'-",
   "PX": 0,
   "PY": 0,
   "side": 0
 },
 {
   "index": 299,
   "Name": "'-",
   "PX": 0,
   "PY": 0,
   "side": 0
 },
 {
   "index": 300,
   "Name": "'-",
   "PX": 88,
   "PY": 202,
   "side": 0
 },
 {
   "index": 301,
   "Name": "'-",
   "PX": 104,
   "PY": 315,
   "side": 0
 },
 {
   "index": 302,
   "Name": "'-",
   "PX": 120,
   "PY": 372,
   "side": 0
 },
 {
   "index": 303,
   "Name": "'-",
   "PX": 0,
   "PY": 0,
   "side": 0
 },
 {
   "index": 304,
   "Name": "'-",
   "PX": 0,
   "PY": 0,
   "side": 0
 },
 {
   "index": 305,
   "Name": "'-",
   "PX": 0,
   "PY": 0,
   "side": 0
 },
 {
   "index": 306,
   "Name": "'-",
   "PX": 0,
   "PY": 0,
   "side": 0
 },
 {
   "index": 307,
   "Name": "'-",
   "PX": 0,
   "PY": 0,
   "side": 0
 },
 {
   "index": 308,
   "Name": "'-",
   "PX": 0,
   "PY": 0,
   "side": 0
 },
 {
   "index": 309,
   "Name": "'-",
   "PX": 0,
   "PY": 0,
   "side": 0
 },
 {
   "index": 310,
   "Name": "'-",
   "PX": 0,
   "PY": 0,
   "side": 0
 },
 {
   "index": 311,
   "Name": "'-",
   "PX": 0,
   "PY": 0,
   "side": 0
 },
 {
   "index": 312,
   "Name": "'-",
   "PX": 0,
   "PY": 0,
   "side": 0
 },
 {
   "index": 313,
   "Name": "'-",
   "PX": 0,
   "PY": 0,
   "side": 0
 },
 {
   "index": 314,
   "Name": "'-",
   "PX": 0,
   "PY": 0,
   "side": 0
 },
 {
   "index": 315,
   "Name": "'-",
   "PX": 0,
   "PY": 0,
   "side": 0
 },
 {
   "index": 316,
   "Name": "'-",
   "PX": 0,
   "PY": 0,
   "side": 0
 },
 {
   "index": 317,
   "Name": "'-",
   "PX": 0,
   "PY": 0,
   "side": 0
 },
 {
   "index": 318,
   "Name": "'-",
   "PX": 0,
   "PY": 0,
   "side": 0
 },
 {
   "index": 319,
   "Name": "'-",
   "PX": 0,
   "PY": 0,
   "side": 0
 },
 {
   "index": 320,
   "Name": "'-",
   "PX": 0,
   "PY": 0,
   "side": 0
 },
 {
   "index": 321,
   "Name": "'-",
   "PX": 0,
   "PY": 0,
   "side": 0
 },
 {
   "index": 322,
   "Name": "'-",
   "PX": 0,
   "PY": 0,
   "side": 0
 },
 {
   "index": 323,
   "Name": "'-",
   "PX": 0,
   "PY": 0,
   "side": 0
 },
 {
   "index": 324,
   "Name": "'-",
   "PX": 0,
   "PY": 0,
   "side": 0
 },
 {
   "index": 325,
   "Name": "'-",
   "PX": 0,
   "PY": 0,
   "side": 0
 },
 {
   "index": 326,
   "Name": "'-",
   "PX": 0,
   "PY": 0,
   "side": 0
 },
 {
   "index": 327,
   "Name": "'-",
   "PX": 0,
   "PY": 0,
   "side": 0
 },
 {
   "index": 328,
   "Name": "'-",
   "PX": 0,
   "PY": 0,
   "side": 0
 },
 {
   "index": 329,
   "Name": "'-",
   "PX": 0,
   "PY": 0,
   "side": 0
 },
 {
   "index": 330,
   "Name": "'-",
   "PX": 0,
   "PY": 0,
   "side": 0
 },
 {
   "index": 331,
   "Name": "'-",
   "PX": 0,
   "PY": 0,
   "side": 0
 },
 {
   "index": 332,
   "Name": "'-",
   "PX": 0,
   "PY": 0,
   "side": 0
 },
 {
   "index": 333,
   "Name": "'-",
   "PX": 0,
   "PY": 0,
   "side": 0
 },
 {
   "index": 334,
   "Name": "'-",
   "PX": 0,
   "PY": 0,
   "side": 0
 },
 {
   "index": 335,
   "Name": "'-",
   "PX": 0,
   "PY": 0,
   "side": 0
 },
 {
   "index": 336,
   "Name": "'-",
   "PX": 0,
   "PY": 0,
   "side": 0
 },
 {
   "index": 337,
   "Name": "'-",
   "PX": 0,
   "PY": 0,
   "side": 0
 },
 {
   "index": 338,
   "Name": "'-",
   "PX": 0,
   "PY": 0,
   "side": 0
 },
 {
   "index": 339,
   "Name": "'-",
   "PX": 0,
   "PY": 0,
   "side": 0
 },
 {
   "index": 340,
   "Name": "'-",
   "PX": 0,
   "PY": 0,
   "side": 0
 },
 {
   "index": 341,
   "Name": "'-",
   "PX": 0,
   "PY": 0,
   "side": 0
 },
 {
   "index": 342,
   "Name": "'-",
   "PX": 0,
   "PY": 0,
   "side": 0
 },
 {
   "index": 343,
   "Name": "'-",
   "PX": 0,
   "PY": 0,
   "side": 0
 },
 {
   "index": 344,
   "Name": "'-",
   "PX": 0,
   "PY": 0,
   "side": 0
 },
 {
   "index": 345,
   "Name": "'-",
   "PX": 0,
   "PY": 0,
   "side": 0
 },
 {
   "index": 346,
   "Name": "'-",
   "PX": 0,
   "PY": 0,
   "side": 0
 },
 {
   "index": 347,
   "Name": "'-",
   "PX": 0,
   "PY": 0,
   "side": 0
 },
 {
   "index": 348,
   "Name": "'-",
   "PX": 0,
   "PY": 0,
   "side": 0
 },
 {
   "index": 349,
   "Name": "'-",
   "PX": 108,
   "PY": 132,
   "side": 0
 },
 {
   "index": 350,
   "Name": "'-",
   "PX": 0,
   "PY": 0,
   "side": 0
 },
 {
   "index": 351,
   "Name": "'-",
   "PX": 0,
   "PY": 0,
   "side": 0
 },
 {
   "index": 352,
   "Name": "'-",
   "PX": 0,
   "PY": 0,
   "side": 0
 },
 {
   "index": 353,
   "Name": "'-",
   "PX": 0,
   "PY": 0,
   "side": 0
 },
 {
   "index": 354,
   "Name": "'-",
   "PX": 0,
   "PY": 0,
   "side": 0
 },
 {
   "index": 355,
   "Name": "'-",
   "PX": 0,
   "PY": 0,
   "side": 0
 },
 {
   "index": 356,
   "Name": "'-",
   "PX": 0,
   "PY": 0,
   "side": 0
 },
 {
   "index": 357,
   "Name": "'-",
   "PX": 0,
   "PY": 0,
   "side": 0
 },
 {
   "index": 358,
   "Name": "'-",
   "PX": 0,
   "PY": 0,
   "side": 0
 },
 {
   "index": 359,
   "Name": "'-",
   "PX": 0,
   "PY": 0,
   "side": 0
 },
 {
   "index": 360,
   "Name": "'-",
   "PX": 0,
   "PY": 0,
   "side": 0
 },
 {
   "index": 361,
   "Name": "'-",
   "PX": 0,
   "PY": 0,
   "side": 0
 },
 {
   "index": 362,
   "Name": "'-",
   "PX": 0,
   "PY": 0,
   "side": 0
 },
 {
   "index": 363,
   "Name": "'-",
   "PX": 0,
   "PY": 0,
   "side": 0
 },
 {
   "index": 364,
   "Name": "'-",
   "PX": 0,
   "PY": 0,
   "side": 0
 },
 {
   "index": 365,
   "Name": "'-",
   "PX": 0,
   "PY": 0,
   "side": 0
 },
 {
   "index": 366,
   "Name": "'-",
   "PX": 0,
   "PY": 0,
   "side": 0
 },
 {
   "index": 367,
   "Name": "'-",
   "PX": 0,
   "PY": 0,
   "side": 0
 },
 {
   "index": 368,
   "Name": "'-",
   "PX": 0,
   "PY": 0,
   "side": 0
 },
 {
   "index": 369,
   "Name": "'-",
   "PX": 0,
   "PY": 0,
   "side": 0
 },
 {
   "index": 370,
   "Name": "'-",
   "PX": 0,
   "PY": 0,
   "side": 0
 },
 {
   "index": 371,
   "Name": "'-",
   "PX": 0,
   "PY": 0,
   "side": 0
 },
 {
   "index": 372,
   "Name": "'-",
   "PX": 0,
   "PY": 0,
   "side": 0
 },
 {
   "index": 373,
   "Name": "'-",
   "PX": 0,
   "PY": 0,
   "side": 0
 },
 {
   "index": 374,
   "Name": "'-",
   "PX": 0,
   "PY": 0,
   "side": 0
 },
 {
   "index": 375,
   "Name": "'-",
   "PX": 0,
   "PY": 0,
   "side": 0
 },
 {
   "index": 376,
   "Name": "'-",
   "PX": 0,
   "PY": 0,
   "side": 0
 },
 {
   "index": 377,
   "Name": "'-",
   "PX": 0,
   "PY": 0,
   "side": 0
 },
 {
   "index": 378,
   "Name": "'-",
   "PX": 0,
   "PY": 0,
   "side": 0
 },
 {
   "index": 379,
   "Name": "'-",
   "PX": 0,
   "PY": 0,
   "side": 0
 },
 {
   "index": 380,
   "Name": "'-",
   "PX": 0,
   "PY": 0,
   "side": 0
 },
 {
   "index": 381,
   "Name": "'-",
   "PX": 0,
   "PY": 0,
   "side": 0
 },
 {
   "index": 382,
   "Name": "'-",
   "PX": 0,
   "PY": 0,
   "side": 0
 },
 {
   "index": 383,
   "Name": "'-",
   "PX": 0,
   "PY": 0,
   "side": 0
 },
 {
   "index": 384,
   "Name": "'-",
   "PX": 0,
   "PY": 0,
   "side": 0
 },
 {
   "index": 385,
   "Name": "'-",
   "PX": 0,
   "PY": 0,
   "side": 0
 },
 {
   "index": 386,
   "Name": "'-",
   "PX": 0,
   "PY": 0,
   "side": 0
 },
 {
   "index": 387,
   "Name": "'-",
   "PX": 0,
   "PY": 0,
   "side": 0
 },
 {
   "index": 388,
   "Name": "'-",
   "PX": 0,
   "PY": 0,
   "side": 0
 },
 {
   "index": 389,
   "Name": "'-",
   "PX": 0,
   "PY": 0,
   "side": 0
 },
 {
   "index": 390,
   "Name": "'-",
   "PX": 0,
   "PY": 0,
   "side": 0
 },
 {
   "index": 391,
   "Name": "'-",
   "PX": 0,
   "PY": 0,
   "side": 0
 },
 {
   "index": 392,
   "Name": "'-",
   "PX": 0,
   "PY": 0,
   "side": 0
 },
 {
   "index": 393,
   "Name": "'-",
   "PX": 0,
   "PY": 0,
   "side": 0
 },
 {
   "index": 394,
   "Name": "'-",
   "PX": 0,
   "PY": 0,
   "side": 0
 },
 {
   "index": 395,
   "Name": "'-",
   "PX": 0,
   "PY": 0,
   "side": 0
 },
 {
   "index": 396,
   "Name": "'-",
   "PX": 0,
   "PY": 0,
   "side": 0
 },
 {
   "index": 397,
   "Name": "'-",
   "PX": 0,
   "PY": 0,
   "side": 0
 },
 {
   "index": 398,
   "Name": "'-",
   "PX": 0,
   "PY": 0,
   "side": 0
 },
 {
   "index": 399,
   "Name": "'-",
   "PX": 0,
   "PY": 0,
   "side": 0
 },
 {
   "index": 400,
   "Name": "Keep Straigh and Right Left Cancel",
   "PX": 0,
   "PY": 0,
   "side": 0
 }
]