﻿<?xml version="1.0"?>
<doc>
<assembly>
<name>
comTerm
</name>
</assembly>
<members>
<member name="T:comTerm.My.Resources.Resources">
<summary>
  A strongly-typed resource class, for looking up localized strings, etc.
</summary>
</member>
<member name="P:comTerm.My.Resources.Resources.ResourceManager">
<summary>
  Returns the cached ResourceManager instance used by this class.
</summary>
</member>
<member name="P:comTerm.My.Resources.Resources.Culture">
<summary>
  Overrides the current thread's CurrentUICulture property for all
  resource lookups using this strongly typed resource class.
</summary>
</member>
<member name="P:comTerm.My.Resources.Resources.Arrow1_Right">
<summary>
  Looks up a localized resource of type System.Drawing.Bitmap.
</summary>
</member>
<member name="P:comTerm.My.Resources.Resources.Arrow2_Right">
<summary>
  Looks up a localized resource of type System.Drawing.Bitmap.
</summary>
</member>
<member name="P:comTerm.My.Resources.Resources.Brio_III_1_Rev1_2">
<summary>
  Looks up a localized resource of type System.Drawing.Bitmap.
</summary>
</member>
<member name="P:comTerm.My.Resources.Resources.Clipboard_Cut">
<summary>
  Looks up a localized resource of type System.Drawing.Bitmap.
</summary>
</member>
<member name="P:comTerm.My.Resources.Resources.Copy">
<summary>
  Looks up a localized resource of type System.Drawing.Bitmap.
</summary>
</member>
<member name="P:comTerm.My.Resources.Resources.Disk">
<summary>
  Looks up a localized resource of type System.Drawing.Bitmap.
</summary>
</member>
<member name="P:comTerm.My.Resources.Resources.Disk_download">
<summary>
  Looks up a localized resource of type System.Drawing.Bitmap.
</summary>
</member>
<member name="P:comTerm.My.Resources.Resources.Doc_Del">
<summary>
  Looks up a localized resource of type System.Drawing.Bitmap.
</summary>
</member>
<member name="P:comTerm.My.Resources.Resources.ledGray">
<summary>
  Looks up a localized resource of type System.Drawing.Bitmap.
</summary>
</member>
<member name="P:comTerm.My.Resources.Resources.ledGreen">
<summary>
  Looks up a localized resource of type System.Drawing.Bitmap.
</summary>
</member>
<member name="P:comTerm.My.Resources.Resources.ledOrange">
<summary>
  Looks up a localized resource of type System.Drawing.Bitmap.
</summary>
</member>
<member name="P:comTerm.My.Resources.Resources.ledRed">
<summary>
  Looks up a localized resource of type System.Drawing.Bitmap.
</summary>
</member>
<member name="P:comTerm.My.Resources.Resources.Paste">
<summary>
  Looks up a localized resource of type System.Drawing.Bitmap.
</summary>
</member>
<member name="P:comTerm.My.Resources.Resources.serialPlug">
<summary>
  Looks up a localized resource of type System.Drawing.Bitmap.
</summary>
</member>
<member name="P:comTerm.My.Resources.Resources.Standby">
<summary>
  Looks up a localized resource of type System.Drawing.Bitmap.
</summary>
</member>
<member name="P:comTerm.My.Resources.Resources.Tool">
<summary>
  Looks up a localized resource of type System.Drawing.Bitmap.
</summary>
</member>
<member name="T:comTerm.RS232">
 <summary>
 comChat - native serialPort services
 </summary>
 <remarks>update 2012-06-27</remarks>
</member>
<member name="P:comTerm.RS232.ReceiveDelay">
 <summary>
 set or get the tim in ms where the Datareived handle waits
 </summary>
</member>
<member name="P:comTerm.RS232.Threshold">
 <summary>
 get or set the value when datareceived event fires
 </summary>
</member>
<member name="P:comTerm.RS232.DefaultParams">
 <summary>
 Default com params
 </summary>
 <returns>...,receiveTimout,Threshold,Delay</returns>
</member>
<member name="T:comTerm.RS232.cP">
 <summary>
 cParms - enumeration for Com Parameter
 </summary>
</member>
<member name="E:comTerm.RS232.Datareceived">
 <summary>
 Event data send back to calling form
 </summary>
 <param name="buf">byte array data</param>
</member>
<member name="E:comTerm.RS232.connection">
 <summary>
 connection status back to form True: ok
 </summary>
 <param name="cStatus">True/False</param>
</member>
<member name="E:comTerm.RS232.sendOK">
 <summary>
 data send successfull (True)
 </summary>
</member>
<member name="E:comTerm.RS232.recOK">
 <summary>
 data receive successfull 
 </summary>
 <param name="sReceive">True/False</param>
</member>
<member name="M:comTerm.RS232.#ctor">
 <summary>
 initialize a new instance
 </summary>
 <remarks></remarks>
</member>
<member name="M:comTerm.RS232.#ctor(System.String[])">
 <summary>
 overloaded version opens the port immediate
 </summary>
</member>
<member name="M:comTerm.RS232.connect(System.String[])">
 <summary>
 Com Port connect 
 </summary>
 <param name="comParams">{"COM1", "9600", "8", "None", "One", "1", "1"}</param>
 <remarks></remarks>
</member>
<member name="M:comTerm.RS232.disconnect">
 <summary>
 disConnect com port
 </summary>
</member>
<member name="M:comTerm.RS232.SendData(System.Byte[]@)">
 <summary>
 send data
 </summary>
 <param name="data">byte array data</param>
</member>
<member name="M:comTerm.RS232.SerialPort1_DataReceived(System.Object,System.IO.Ports.SerialDataReceivedEventArgs)">
 <summary>
  threading. read the COM Port
 </summary>
</member>
<member name="M:comTerm.RS232.doUpdate(System.Object)">
 <summary>
 send data to main UI thread
 </summary>
</member>
<member name="E:comTerm.RS232.errormsg">
 <summary>
 exception message to form UI
 </summary>
 <param name="msg"></param>
 <remarks></remarks>
</member>
<member name="M:comTerm.RS232.showmessage(System.String)">
 <summary>
 error to UI
 </summary>
</member>
<member name="T:comTerm.frmMain">
 <summary>
 Demo Serialport terminal Ellen Ramcke 2012
 </summary>
 <remarks>update 2012-06-27</remarks>
</member>
<member name="M:comTerm.frmMain.cboEnterMessage_TextUpdate(System.Object,System.EventArgs)">
 <summary>
 build hex string in textbox
 </summary>
</member>
<member name="M:comTerm.frmMain.RxShowHex_CheckedChanged(System.Object,System.EventArgs)">
 <summary>
 view hex in rx box
 </summary>
</member>
<member name="M:comTerm.frmMain.chkTxShowHex_CheckedChanged(System.Object,System.EventArgs)">
 <summary>
 view hex in tx box
 </summary>
</member>
<member name="M:comTerm.frmMain.btnSaveFileFromRxBox_Click(System.Object,System.EventArgs)">
 <summary>
 save rx box to file
 </summary>
</member>
<member name="M:comTerm.frmMain.TxbtnFile_Click(System.Object,System.EventArgs)">
 <summary>
 load file into tx box
 </summary>
</member>
<member name="M:comTerm.frmMain.LoadC(System.Object,System.EventArgs)">
 <summary>
 load config
 </summary>
</member>
<member name="M:comTerm.frmMain.SaveConfig_Click(System.Object,System.EventArgs)">
 <summary>
 save comparms
 </summary>
</member>
<member name="M:comTerm.frmMain.ExitTool_Click(System.Object,System.EventArgs)">
 <summary>
  exit
 </summary>
</member>
<member name="M:comTerm.frmMain.frmMain_ResizeEnd(System.Object,System.EventArgs)">
 <summary>
  form resize
 </summary>
</member>
<member name="M:comTerm.frmMain.doUpdate(System.Byte[])">
 <summary>
  update boxes
 </summary>
 <param name="buffer">received bytes from class RS232</param>
 <remarks></remarks>
</member>
<member name="M:comTerm.frmMain.sendata(System.Boolean)">
 <summary>
 senda data OK NOK
 </summary>
</member>
<member name="M:comTerm.frmMain.rdata(System.Boolean)">
 <summary>
 receive successfull
 </summary>
</member>
<member name="M:comTerm.frmMain.connection(System.Boolean)">
 <summary>
  connection status
 </summary>
</member>
<member name="M:comTerm.frmMain.getmessage(System.String)">
 <summary>
 exception message
 </summary>
</member>
<member name="M:comTerm.frmMain.appendBytes(System.Windows.Forms.RichTextBox,System.Byte[]@,System.Int32@,System.Boolean)">
 <summary>
 append frame in one Richtextbox
 </summary>
 <param name="rb">tx or rx box here</param>
 <param name="data">data frame</param>
 <param name="currentLenght">possible chars in box</param>
 <param name="showHexAndAscii">determines whether also displaying Hex True</param>
 <remarks></remarks>
</member>
<member name="M:comTerm.frmMain.sLabel(System.String[])">
 <summary>
 show status of connection
 </summary>
</member>
<member name="M:comTerm.frmMain.doUpdateSend(System.Byte[])">
 <summary>
  update boxes
 </summary>
 <param name="bufferSend">received bytes from class RS232</param>
 <remarks></remarks>
</member>
<member name="M:comTerm.frmMain.sendataSend(System.Boolean)">
 <summary>
 senda data OK NOK
 </summary>
</member>
<member name="M:comTerm.frmMain.rdataSend(System.Boolean)">
 <summary>
 receive successfull
 </summary>
</member>
<member name="M:comTerm.frmMain.connectionSend(System.Boolean)">
 <summary>
  connection status
 </summary>
</member>
<member name="M:comTerm.frmMain.getmessageSend(System.String)">
 <summary>
 exception message
 </summary>
</member>
<member name="M:comTerm.frmMain.sLabelSend(System.String[])">
 <summary>
 show status of connection
 </summary>
</member>
<member name="M:comTerm.frmMain.btnClearReceiveBoxr_Click(System.Object,System.EventArgs)">
 <summary>
 clear rx box
 </summary>
</member>
<member name="M:comTerm.frmMain.btnClearTxBox_Click(System.Object,System.EventArgs)">
 <summary>
 clear tx box
 </summary>
</member>
<member name="M:comTerm.frmMain.doUpdateIO(System.Byte[])">
 <summary>
  update boxes
 </summary>
 <param name="bufferIO">received bytes from class RS232</param>
 <remarks></remarks>
</member>
<member name="M:comTerm.frmMain.sendataIO(System.Boolean)">
 <summary>
 senda data OK NOK
 </summary>
</member>
<member name="M:comTerm.frmMain.rdataIO(System.Boolean)">
 <summary>
 receive successfull
 </summary>
</member>
<member name="M:comTerm.frmMain.connectionIO(System.Boolean)">
 <summary>
  connection status
 </summary>
</member>
<member name="M:comTerm.frmMain.getmessageIO(System.String)">
 <summary>
 exception message
 </summary>
</member>
<member name="M:comTerm.frmMain.sLabelIO(System.String[])">
 <summary>
 show status of connection
 </summary>
</member>
</members>
</doc>
